{
    "Province" : "Ontario",

    "Cities" : [
      "Mississauga",
      "Toronto",
      "Oakville",
      "Brampton",
      "Niagara Falls",
      "Hamilton"
    ],

    "Roads" : {
      "Mississauga" : [
        ["Toronto", 50.0, "QEW", 100],
        ["Brampton", 20.0, "410", 100],
        ["Oakville", 15.0, "401", 100]
      ],
      "Niagara Falls" : [
        ["Hamilton", 45.5, "QEW", 110]
      ]
    },

    "Cases" : {
      "Toronto" : "Oakville",
      "Oakville" : "Toronto",
      "Niagara Falls" : "Toronto",
      "Hamilton" : "Niagara Falls"
    }
}