{
    "Province" : "Test",

    "Cities" : [
      "A",
      "B",
      "C",
      "D",
      "E",
      "F",
      "G",
      "H",
      "I"
    ],

    "Roads" : {
      "A" : [
        ["B", 10, 1, 100],
        ["C", 9, 1, 100]
      ],
      "D" : [
        ["C", 8, 1, 100],
        ["B", 6, 1, 100],
        ["G", 2, 1, 100]
      ],
      "E" : [
        ["B", 20, 1, 100],
        ["H", 3, 1, 100],
        ["F", 2, 1, 100]
      ]
    },

    "Cases" : {
      "A" : "F",
      "C" : "B",
      "D" : "A",
      "F" : "C",
      "G" : "H",
      "E" : "I"
    }
}